molecule_chembl_id,canonical_smiles,bioactivity_class,MW,LogP,NumHDonors,NumHAcceptors,pIC50
CHEMBL152758,CC(N[C@H](C)C(=O)N1CCC[C@H]1C(=O)O)C(=O)O,active,258.27399999999994,-0.48679999999999884,3,4,7.045757490560675
CHEMBL291381,O=C(CCC(=O)N1CCCC1C(=O)O)NO,inactive,230.22000000000003,-0.6523999999999988,3,4,4.301029995663981
CHEMBL358439,C[C@@H](NCC(=O)O)C(=O)N1CCC[C@H]1C(=O)O,intermediate,244.24699999999996,-0.8752999999999991,3,4,5.619788758288394
CHEMBL1237,NCCCC[C@H](N[C@@H](CCc1ccccc1)C(=O)O)C(=O)N1CCC[C@H]1C(=O)O,active,405.49500000000023,1.2352000000000007,4,5,8.920818753952375
CHEMBL293213,CC(CCC(=O)N1CCCC1C(=O)O)C(=O)O,inactive,243.259,0.5628999999999996,2,3,3.585026652029182
CHEMBL62678,C[C@@H](CCC(=O)O)C(=O)N1CCCC1C(=O)O,intermediate,243.25899999999996,0.5628999999999997,2,3,5.309803919971486
CHEMBL577,C[C@H](N[C@@H](CCc1ccccc1)C(=O)O)C(=O)N1CCC[C@H]1C(=O)O,active,348.39900000000017,1.1261000000000003,3,4,8.920818753952375
CHEMBL10973,O=C(NC(Cc1ccccc1)C(=O)CCC(=O)N1CCCC1c1nn[nH]n1)c1ccccc1,inactive,446.51100000000014,2.253799999999999,2,6,4.657577319177793
CHEMBL11795,CC(=O)SCC1CCCN(CC(=O)O)C1=O,inactive,245.29999999999995,0.5893000000000002,1,4,4.0
CHEMBL11507,O=C(O)CN1CCC(CS)C1=O,intermediate,189.236,-0.15070000000000022,2,3,5.431798275933005
CHEMBL12006,CC(=O)SCC1CCCN(C(C(=O)O)c2ccccc2)C1=O,inactive,321.398,2.3306000000000004,1,4,4.721246399047171
CHEMBL10690,O=C(NC(Cc1ccccc1)C(=O)CCC(=O)N1CCCC1P(=O)(O)O)c1ccccc1,inactive,458.45100000000014,2.5032000000000014,3,4,4.0
CHEMBL416339,CC(=O)SCC1CCCN(C(C)C(=O)O)C1=O,inactive,259.327,0.9778000000000002,1,4,4.455931955649724
CHEMBL1560,C[C@H](CS)C(=O)N1CCC[C@H]1C(=O)O,active,217.28999999999996,0.6279000000000001,2,3,7.920818753952375
CHEMBL75433,CCCCC(CC(=O)NO)[S+]([O-])c1ccccc1,inactive,269.366,2.2485,2,3,4.0
CHEMBL1788203,CCCC[C@H](CC(=O)NO)S(=O)(=O)c1ccccc1,inactive,285.365,1.9145999999999999,2,4,4.468521082957745
CHEMBL263501,CCCCC(CC(=O)NO)S(=O)(=O)c1ccccc1,inactive,285.365,1.9145999999999999,2,4,4.0915149811213505
CHEMBL2092878,CCCC[C@@H](CC(=O)NO)S(=O)(=O)c1ccccc1,inactive,285.365,1.9145999999999999,2,4,4.0
CHEMBL416147,O=C(NC(Cc1ccccc1)C(=O)CCC(=O)N1CCC[C@H]1C(=O)O)c1ccccc1,active,422.48100000000017,2.4525999999999994,2,4,7.154901959985743
CHEMBL77258,CCCCC(CC(=O)NO)S(=O)(=O)C1CCCCC1,inactive,291.41300000000007,2.1881999999999993,2,4,4.0
CHEMBL11707,O=C(O)CN1CCCC(CS)C1=O,active,203.263,0.2393999999999999,2,3,6.0
CHEMBL11783,CC(=O)SCC1CCN(CC(=O)O)C1=O,inactive,231.27299999999997,0.1992,1,4,4.481486060122113
CHEMBL416706,CCCC(C(=O)O)N1CCCC(CSC(C)=O)C1=O,inactive,287.38100000000003,1.758,1,4,4.522878745280337
CHEMBL274553,O=C(NC(Cc1ccccc1)C(=O)CCC(=O)N1CCCC1C(=O)NO)c1ccccc1,intermediate,437.49600000000015,1.8733999999999997,3,5,5.795880017344075
CHEMBL275702,NCCCCC(NC(=O)C1CCC1)C(=O)NC(Cc1ccccc1)C(=O)CCC(=O)N1CCCC1C(=O)NO,active,543.6650000000004,0.9735000000000043,5,7,7.958607314841775
CHEMBL274550,NCCCCC(NC(=O)C1CCC1)C(=O)NC(Cc1ccccc1)C(=O)CCC(=O)N1CCCC1C(=O)O,active,528.6500000000004,1.5527000000000022,4,6,8.119186407719209
CHEMBL78001,CCCCC(CC(=O)NO)S(=O)(=O)c1ccc2ccccc2c1,inactive,335.42500000000007,3.067800000000001,2,4,4.906578314837765
CHEMBL301364,O=C(O)CCN1C(=O)[C@@H](NC(=O)[C@@H](S)Cc2ccccc2)CCc2ccccc21,active,412.5110000000002,2.4664,3,4,7.443697499232712
CHEMBL287896,C[C@H](NC(=O)[C@@H](S)Cc1ccccc1)C(=O)N1CCC[C@H]1C(=O)O,active,350.44000000000017,1.1078,3,4,7.522878745280337
CHEMBL50559,C[C@@H]1Oc2ccccc2N(CC(=O)O)C(=O)[C@H]1NC(=O)[C@@H](S)Cc1ccccc1,active,414.48300000000006,1.9109999999999998,3,5,7.443697499232712
CHEMBL299441,O=C(O)CCN1C(=O)[C@@H](NC(=O)[C@@H](S)Cc2ccccc2)CSc2ccccc21,active,430.55100000000016,2.6259000000000015,3,5,7.853871964321762
CHEMBL299181,C[C@H](NC(=O)[C@@H](CS)Cc1ccccc1)C(=O)N1CCC[C@H]1C(=O)O,active,364.46700000000016,1.3553999999999997,3,4,8.397940008672037
CHEMBL52733,C[C@H]1Oc2ccccc2N(CCC(=O)O)C(=O)[C@H]1NC(=O)[C@@H](S)Cc1ccccc1,active,428.51000000000005,2.3011,3,5,7.7447274948966935
CHEMBL301751,O=C(O)CCN1C(=O)[C@@H](NC(=O)[C@@H](S)Cc2ccccc2)COc2ccccc21,active,414.4830000000002,1.9125999999999996,3,5,7.508638306165727
CHEMBL298388,O=C(O)CN1C(=O)[C@@H](NC(=O)[C@@H](S)Cc2ccccc2)CSc2ccccc21,active,416.5240000000001,2.2358000000000002,3,5,7.886056647693163
CHEMBL51389,O=C(O)CN1C(=O)[C@@H](NC(=O)[C@@H](CS)Cc2ccccc2)COc2ccccc21,active,414.4830000000001,1.7700999999999998,3,5,8.356547323513812
CHEMBL299639,O=C(O)CN1C(=O)[C@@H](NC(=O)[C@@H](S)Cc2ccccc2)CCc2ccccc21,active,398.48400000000015,2.0763,3,4,7.920818753952375
CHEMBL53879,C[C@H]1Oc2ccccc2N(CC(=O)O)C(=O)[C@H]1NC(=O)[C@@H](S)Cc1ccccc1,active,414.48300000000006,1.9109999999999998,3,5,7.886056647693163
CHEMBL54036,O=C(O)CN1C(=O)[C@@H](NC(=O)[C@@H](S)Cc2ccccc2)COc2ccccc21,active,400.45600000000013,1.5225,3,5,7.552841968657781
CHEMBL310200,COc1ccc(CSC[C@@H](NC(=O)[C@H](CS)Cc2ccccc2)C(=O)O)cc1,active,419.5680000000001,3.286500000000001,3,5,6.5376020021010435
CHEMBL51438,O=C(O)CCN1C(=O)[C@@H](NC(=O)[C@@H](CS)Cc2ccccc2)CCc2ccccc21,active,426.5380000000002,2.7140000000000004,3,4,7.443697499232712
CHEMBL80055,Cc1ccc(CSC[C@@H](NC(=O)[C@@H](CS)Cc2ccccc2)C(=O)O)cc1C,active,417.5960000000002,3.8947400000000023,3,4,6.337242168318426
CHEMBL430431,Cc1ccc(CSC[C@@H](NC(=O)[C@H](CS)Cc2ccc3ccccc3c2)C(=O)O)cc1,intermediate,453.6290000000002,4.739520000000003,3,4,5.508638306165727
CHEMBL51780,O=C(O)CN1C(=O)[C@@H](NC(=O)[C@@H](CS)Cc2ccccc2)CSc2ccccc21,active,430.5510000000001,2.4834000000000005,3,5,7.769551078621726
CHEMBL51498,O=C(O)CN1C(=O)[C@@H](NC(=O)[C@@H](CS)Cc2ccccc2)CCc2ccccc21,active,412.51100000000014,2.3239,3,4,8.318758762624412
CHEMBL297792,Cc1ccc(C#Cc2ccc(S(=O)(=O)N[C@H](Cc3c[nH]c4ccccc34)C(=O)O)s2)cc1,active,464.56800000000015,3.9118200000000023,3,4,6.0
CHEMBL155874,O=C(Nc1ccc(S(=O)(=O)N[C@H](Cc2c[nH]c3ccccc23)C(=O)O)cc1)c1ccc(Br)cc1,active,542.4110000000002,4.156900000000002,4,4,6.0
CHEMBL160153,CSc1ccc(-n2nnc(-c3ccc(S(=O)(=O)N[C@@H](C(=O)O)C(C)C)cc3)n2)cc1,active,447.54200000000014,2.4387000000000008,2,7,6.0
CHEMBL440921,CSc1ccc(-c2ccc(S(=O)(=O)N[C@@H](C(=O)O)C(C)C)cc2)cc1,active,379.5030000000001,3.463000000000002,2,4,6.0
CHEMBL345597,O=C(O)[C@@H](Cc1c[nH]c2ccccc12)NS(=O)(=O)c1ccc(-c2nnn(-c3ccccc3)n2)cc1,active,488.5290000000002,2.7848000000000015,3,6,6.0
CHEMBL345200,Cc1ccc(-c2ccc(S(=O)(=O)N[C@H](Cc3c[nH]c4ccccc34)C(=O)O)s2)cc1,active,440.5460000000001,4.179020000000002,3,4,6.0
CHEMBL66254,O=C(N[C@H]1CCCN2CC[C@@H](C(=O)O)N2C1=O)[C@@H](S)Cc1ccccc1,active,377.46600000000007,0.7086000000000008,3,5,7.920818753952375
CHEMBL66481,O=C(N[C@H]1CCC(=O)N2CCC[C@@H](C(=O)O)N2C1=O)[C@@H](S)Cc1ccccc1,active,405.47600000000006,0.6253000000000006,3,5,8.154901959985743
CHEMBL62417,CCCN1C(=O)CC[C@H](NC(=O)[C@@H](S)Cc2ccccc2)C(=O)N1CC(=O)O,active,407.49200000000013,0.8728999999999996,3,5,8.0
CHEMBL63001,CN1CCC[C@H](NC(=O)[C@@H](S)Cc2ccccc2)C(=O)N1CC(=O)O,active,365.45500000000015,0.5660999999999994,3,5,7.795880017344075
CHEMBL304881,CN1C(=O)CC[C@H](NC(=O)[C@@H](S)Cc2ccccc2)C(=O)N1CC(=O)O,active,379.43800000000016,0.09270000000000017,3,5,7.795880017344075
CHEMBL305108,O=C(N[C@H]1CCC(=O)N2CC[C@@H](C(=O)O)N2C1=O)[C@@H](S)Cc1ccccc1,active,391.44900000000007,0.23520000000000074,3,5,7.698970004336019
CHEMBL61566,CCCN1CCC[C@H](NC(=O)[C@@H](S)Cc2ccccc2)C(=O)N1CC(=O)O,active,393.5090000000001,1.3462999999999998,3,5,8.221848749616356
CHEMBL65545,O=C(N[C@H]1CCCN2CCC[C@@H](C(=O)O)N2C1=O)[C@@H](S)Cc1ccccc1,active,391.49300000000005,1.0987000000000007,3,5,8.096910013008056
CHEMBL417034,O=C(O)CN1NCCC[C@H](NC(=O)[C@@H](S)Cc2ccccc2)C1=O,active,351.4280000000001,0.22390000000000077,4,5,7.221848749616356
CHEMBL28361,C[C@H](NC(=O)[C@@H](N)Cc1ccccc1)C(=O)N1CCC[C@H]1C(=O)O,intermediate,333.38800000000015,0.13670000000000065,3,4,5.853871964321762
CHEMBL342373,CC(NC(C(=O)O)C1CCCN1C(=O)NCC(=O)O)C(=O)N1CCCC1C(=O)O,active,414.4150000000002,-1.2480999999999955,5,6,8.221848749616356
CHEMBL2111942,C[C@H](N[C@@H](C(=O)O)[C@H](Cc1ccccc1)NC(=O)c1ccccc1)C(=O)N1CCC[C@H]1C(=O)O,intermediate,467.5220000000003,1.534599999999999,4,5,5.853871964321762
CHEMBL578,CCOC(=O)[C@H](CCc1ccccc1)N[C@@H](C)C(=O)N1CCC[C@H]1C(=O)O,intermediate,376.45300000000026,1.6046,2,5,5.895171596346344
CHEMBL434617,CC(NC(C(=O)O)C1CCCN1C(=O)NC(CCCCN)C(=O)N1C(=O)CCC1C(=O)O)C(=O)N1CCCC1C(=O)O,active,596.6380000000004,-1.2328999999999901,6,9,8.070581074285707
CHEMBL136312,CC(NC(C(=O)O)C1CCCN1C(=O)NC(Cc1ccccc1)C(=O)O)C(=O)N1CCCC1C(=O)O,active,504.54000000000025,0.3632000000000028,5,6,8.267606240177031
CHEMBL579,C[C@H](N[C@@H](CCc1ccccc1)C(=O)O)C(=O)N1CC2(C[C@H]1C(=O)O)SCCS2,active,438.57100000000025,1.9123000000000003,3,6,9.096910013008056
CHEMBL2112769,C[C@H](N[C@H](C(=O)O)[C@H](Cc1ccccc1)NC(=O)c1ccccc1)C(=O)N1CCC[C@H]1C(=O)O,active,467.5220000000003,1.534599999999999,4,5,8.113509274827518
CHEMBL2111940,C[C@H](N[C@H](C[C@H](Cc1ccccc1)NC(=O)c1ccccc1)C(=O)O)C(=O)N1CCC[C@H]1C(=O)O,active,481.5490000000003,1.9247000000000005,4,5,8.318758762624412
CHEMBL1592,CCOC(=O)[C@H](CCc1ccccc1)N[C@@H](C)C(=O)N1Cc2ccccc2C[C@H]1C(=O)O,active,438.5240000000003,2.5671,2,5,8.080921907623926
CHEMBL139523,O=C(CCC(=O)N1CCCC1C(=O)O)CCc1ccccc1,inactive,303.358,2.0441,1,3,2.585026652029182
CHEMBL2112767,C[C@H](N[C@@H](CNC(=O)c1ccccc1)C(=O)O)C(=O)N1CCC[C@H]1C(=O)O,active,377.3970000000002,-0.07669999999999871,4,5,7.769551078621726
CHEMBL2370854,C[C@H](NC(=O)[C@H](Cc1ccccc1)NC(=O)c1ccccc1)C(=O)N1CCC[C@H]1C(=O)O,intermediate,437.49600000000027,1.6079999999999997,3,4,5.568636235841013
CHEMBL2370850,C[C@H](NC(=O)[C@H](Cc1ccccc1)NC(=O)[C@H](CCCCN)NC(=O)[C@@H]1CCC(=O)N1)C(=O)N1CCC[C@H]1C(=O)O,active,572.6630000000005,-0.8133999999999932,6,7,7.301029995663981
CHEMBL2370859,C[C@H](NC(=O)CCc1ccccc1)C(=O)N1CCC[C@H]1C(=O)O,inactive,318.37300000000005,1.1995,2,3,3.4814860601221125
CHEMBL335997,CC(NC(C(=O)O)C1CCCN1C(=O)c1ccccc1)C(=O)N1CCCC1C(=O)O,active,417.4620000000002,0.7981000000000009,3,5,8.537602002101044
CHEMBL2112768,C[C@H](N[C@@H](C[C@H](Cc1ccccc1)NC(=O)c1ccccc1)C(=O)O)C(=O)N1CCC[C@H]1C(=O)O,active,481.5490000000003,1.9247000000000005,4,5,8.522878745280337
CHEMBL295690,NCCCC[C@H](N[C@@H](CCc1ccccc1)C(=O)O)C(=O)N1CC2(C[C@H]1C(=O)O)SCCS2,active,495.6670000000003,2.0214,4,7,9.301029995663981
CHEMBL263460,CC(NC(C(=O)O)C1CCCN1C(=O)NC(Cc1ccccc1)C(=O)NC(Cc1ccccc1)C(=O)O)C(=O)N1CCCC1C(=O)O,active,651.717,1.0907000000000056,6,7,8.537602002101044
CHEMBL342652,CC(=O)N1CCCC1C(NC(C)C(=O)N1CCCC1C(=O)O)C(=O)O,active,355.3910000000001,-0.4957999999999974,3,5,8.0268721464003
CHEMBL2111941,C[C@H](NC(CNC(=O)c1ccccc1)C(=O)O)C(=O)N1CCC[C@H]1C(=O)O,active,377.3970000000002,-0.07669999999999871,4,5,7.3979400086720375
CHEMBL3037879,C[C@H](N[C@H](C(=O)O)[C@@H]1CCCN1)C(=O)N1CCC[C@H]1C(=O)O,active,313.354,-0.7546999999999977,4,5,6.154901959985743
CHEMBL415881,CCOC(=O)[C@H](CCc1ccccc1)N[C@@H](CCCCN)C(=O)N1CC2(C[C@H]1C(=O)O)SCCS2,active,523.7210000000005,2.499900000000001,3,8,6.698970004336019
CHEMBL1733,C[C@H](N[C@@H](CCc1ccccc1)C(=O)O)C(=O)N1Cc2ccccc2C[C@H]1C(=O)O,active,410.4700000000002,2.0885999999999996,3,4,8.537602002101044
CHEMBL435360,O=C(N[C@@H](Cc1ccccc1)C(=O)CCC(=O)N1CCC[C@H]1C(=O)O)c1ccccc1,active,422.48100000000017,2.4525999999999994,2,4,7.920818753952375
CHEMBL412893,CCOC(=O)C(CCc1ccccc1)NC(C)C(=O)N1Cc2ccccc2CC1C(=O)OCC,active,466.5780000000004,3.045600000000001,1,6,6.356547323513812
CHEMBL58480,CC(NC(CCc1ccccc1)C(=O)O)C(=O)N1Cc2ccccc2C1C(=O)O,active,396.44300000000015,2.2186,3,4,8.508638306165727
CHEMBL58042,COc1cc2c(cc1OC)CN(C(=O)C(C)NC(CCc1ccccc1)C(=O)O)C(C(=O)O)C2,active,470.5220000000003,2.1058000000000003,3,6,8.522878745280337
CHEMBL62203,CC(CS)C(=O)N1Cc2ccccc2C1C(=O)O,inactive,265.334,1.7204,2,3,4.853871964321762
CHEMBL1165,CCOC(=O)[C@H](CCc1ccccc1)N[C@@H](C)C(=O)N1Cc2cc(OC)c(OC)cc2C[C@H]1C(=O)O,active,498.5760000000004,2.5843,2,7,7.251811972993799
CHEMBL58340,CCOC(=O)C(CCc1ccccc1)NC(C)C(=O)N1Cc2cc(OC)c(OC)cc2CC1C(=O)OCc1ccccc1,active,588.7010000000005,4.243100000000004,1,8,6.522878745280337
CHEMBL2115075,CCOC(=O)[C@@H](CCc1ccccc1)N[C@@H](C)C(=O)N1Cc2cc(OC)c(OC)cc2C[C@H]1C(=O)O,intermediate,498.5760000000004,2.5843,2,7,5.958607314841775
CHEMBL57200,CC(=O)SCC(C)C(=O)N1Cc2ccccc2C1C(=O)O,inactive,307.37100000000004,2.0703,1,4,4.619788758288394
CHEMBL60702,CCOC(=O)C(CCc1ccccc1)NC(C)C(=O)N1Cc2cc(OC)c(OC)cc2CC1C(=O)OCC,active,526.6300000000005,3.062800000000001,1,8,6.2839966563652006
CHEMBL61811,CC(NC(CCc1ccccc1)C(=O)O)C(=O)N1CCc2ccccc2C1C(=O)O,active,410.4700000000002,2.2610999999999994,3,4,8.236572006437063
CHEMBL291552,CCOC(=O)C(CCc1ccccc1)N(C)C(C)C(=O)N1Cc2ccccc2CC1C(=O)O,inactive,452.5510000000003,2.909300000000001,1,5,5.0
CHEMBL59354,CC(CS)C(=O)N1CCc2ccccc2C1,inactive,235.35199999999998,2.1372,1,2,4.318758762624412
CHEMBL2114322,CCOC(=O)[C@@H](CCc1ccccc1)N[C@@H](C)C(=O)N1Cc2ccccc2C[C@H]1C(=O)O,active,438.5240000000003,2.5671,2,5,6.698970004336019
CHEMBL57201,CC(=O)SCC(C)C(=O)N1CCc2ccccc2C1C(=O)O,inactive,321.398,2.1128,1,4,4.0
CHEMBL58720,CC(=O)SCC(C)C(=O)N1Cc2ccccc2CC1C(=O)O,active,321.3980000000001,1.9403000000000001,1,4,6.886056647693163
CHEMBL2115288,CCOC(=O)[C@H](CCc1ccccc1)N[C@@H](C)C(=O)N1Cc2ccccc2C[C@@H]1C(=O)O,intermediate,438.5240000000003,2.5671,2,5,5.214670164989233
CHEMBL61916,CC(CS)C(=O)N1CCc2ccccc2C1C(=O)O,inactive,279.361,1.7629,2,3,4.236572006437063
CHEMBL57202,CC(=O)SCC(C)C(=O)N1CCc2ccccc2C1,inactive,277.389,2.4871000000000008,0,3,4.309803919971486
CHEMBL2115478,CCOC(=O)[C@H](CCc1ccccc1)N[C@@H](C)C(=O)N1Cc2ccccc2[C@H]1C(=O)O,active,424.49700000000024,2.6971000000000007,2,5,7.356547323513812
CHEMBL2115076,CCOC(=O)[C@H](CCc1ccccc1)N[C@@H](C)C(=O)N1Cc2ccccc2[C@@H]1C(=O)O,active,424.49700000000024,2.6971000000000007,2,5,6.0
CHEMBL417226,O=C(O)C1c2ccccc2CN1C(=O)CCS,inactive,251.30699999999996,1.4744,2,3,4.236572006437063
CHEMBL61137,CC(=O)SCCC(=O)N1Cc2ccccc2C1C(=O)O,inactive,293.34400000000005,1.8243,1,4,4.657577319177793
CHEMBL279737,CC(CS)C(=O)N1Cc2ccccc2CC1C(=O)O,active,279.361,1.5904,2,3,7.7447274948966935
CHEMBL3350318,CCOC(=O)[C@H](CCc1ccccc1)N[C@@H](C)C(=O)N1Cc2cc(OC)c(OC)cc2C[C@@H]1C(=O)O,inactive,498.5760000000004,2.5843,2,7,4.045757490560675
CHEMBL57338,C[C@H](N)C(=O)N[C@@H](Cc1ccccc1)C(=O)O,inactive,236.27100000000002,0.1457000000000001,3,3,3.720000004094201
CHEMBL91561,NCCCC[C@H](N)C(=O)NCC(=O)O,inactive,203.242,-1.3564999999999983,4,4,2.4899999999055544
CHEMBL292467,NCC(=O)NCC(=O)O,inactive,132.119,-1.8540999999999999,3,3,2.140000000044956
CHEMBL86518,O=C(O)CN1CCCCCC(NC(CCc2ccccc2)C(=O)O)C1=O,intermediate,362.4260000000001,1.5177999999999996,3,4,5.769551078621726
CHEMBL91090,CC[C@H](C)[C@H](N)C(=O)N[C@@H](Cc1ccc(O)cc1)C(=O)O,intermediate,294.35100000000006,0.8774999999999995,4,4,5.430000267796054
CHEMBL94119,CC[C@H](C)[C@H](N)C(=O)N1CCC[C@@H]1C(=O)O,inactive,228.29199999999994,0.43539999999999995,2,3,3.889999983714797
CHEMBL420061,NCCCC[C@H](NC(=O)CN)C(=O)O,inactive,203.24199999999996,-1.3564999999999978,4,4,2.2700000002994214
CHEMBL90069,CC(C)[C@H](N)C(=O)N[C@@H](Cc1ccc(O)cc1)C(=O)O,inactive,280.324,0.4873999999999999,4,4,4.659999925349902
CHEMBL327608,C[C@H](N)C(=O)N1CCC[C@@H]1C(=O)O,inactive,186.21099999999998,-0.5907999999999995,2,3,3.6399999910458836
CHEMBL439762,CC(C)[C@H](N)C(=O)N1CCC[C@H]1C(=O)O,inactive,214.26499999999996,0.045300000000000284,2,3,3.380000003615395
CHEMBL80548,NCC(=O)N1CCC[C@H]1C(=O)O,inactive,172.184,-0.9792999999999998,2,3,3.3500000020913046
CHEMBL91330,CC[C@H](C)[C@H](N)C(=O)N[C@@H](Cc1ccccc1)C(=O)O,inactive,278.35200000000003,1.1718999999999995,3,3,3.0300000003708836
CHEMBL93127,NCC(=O)N[C@@H](Cc1cnc[nH]1)C(=O)O,inactive,212.20899999999997,-1.5196999999999985,4,4,2.5100000003532474
CHEMBL90074,C[C@H](NC(=O)[C@@H](N)CCC(=O)O)C(=O)O,inactive,218.20899999999997,-1.2321999999999993,4,4,2.0
CHEMBL91623,C[C@H](CS)C(=O)N1C[C@H](NC(=O)C(CS)Cc2ccccc2)C[C@H]1C(=O)O,active,410.5610000000002,1.5113,4,5,7.7447274948966935
CHEMBL541207,CC(C)C[C@H](N)C(=O)N[C@@H](C)C(=O)O,inactive,202.254,-0.05089999999999978,3,3,3.5100000045692954
CHEMBL420983,C[C@@H](O)[C@H](NC(=O)CN)C(=O)O,inactive,176.17199999999997,-2.1046999999999993,4,4,2.240000000254458
CHEMBL56035,CC(C)[C@H](NC(=O)CN)C(=O)O,inactive,174.2,-0.829499999999999,3,3,2.33999999963408
CHEMBL329801,C[C@H](N[C@@H](CCc1ccccc1)C(=O)O)C(=O)N1C[C@@H](NC(=O)NC(CS)Cc2ccccc2)C[C@H]1C(=O)O,active,556.6850000000003,1.9449000000000014,6,6,7.366531544420414
CHEMBL89956,N[C@@H](Cc1ccc(O)cc1)C(=O)NCC(=O)O,inactive,238.24299999999997,-0.5372000000000001,4,4,2.7000000010815404
CHEMBL85175,O=C(O)CN1CCCCC(NC(CCc2ccccc2)C(=O)O)C1=O,active,348.3990000000001,1.1276999999999993,3,4,6.154901959985743
CHEMBL2114219,O=C(O)CN1CCCCC[C@H](N[C@@H](CCc2ccccc2)C(=O)O)C1=O,active,362.4260000000001,1.5177999999999996,3,4,8.698970004336019
CHEMBL88328,C[C@H](N[C@@H](CCc1ccccc1)C(=O)O)C(=O)N1C[C@H](NC(=O)C(CS)Cc2ccccc2)C[C@H]1C(=O)O,active,541.6700000000003,2.0095000000000005,5,6,6.5968794788241825
CHEMBL56119,CC(C)C[C@H](NC(=O)CN)C(=O)O,inactive,188.22699999999998,-0.43939999999999874,3,3,2.6000000002609998
CHEMBL330552,CSCC[C@H](NC(=O)CN)C(=O)O,inactive,206.26699999999997,-0.732399999999999,3,4,2.850000001421298
CHEMBL94250,C[C@H](N)C(=O)NCC(=O)O,inactive,146.146,-1.4655999999999998,3,3,2.6000000002609998
CHEMBL90610,N[C@@H](CO)C(=O)NCC(=O)O,inactive,162.145,-2.4932,4,4,2.070000000103263
CHEMBL91392,NCC(=O)N[C@@H](CC(=O)O)C(=O)O,inactive,190.15499999999997,-2.0107999999999997,4,4,2.0400000001694822
CHEMBL414828,C[C@H](N)C(=O)N1CCC[C@H]1C(=O)O,inactive,186.21099999999998,-0.5907999999999995,2,3,4.376750709602099
CHEMBL328594,C[C@H](O)[C@H](N)C(=O)NCC(=O)O,inactive,176.172,-2.1046999999999993,4,4,2.0
CHEMBL314707,NC1CCCN(CC(=O)O)C1=O,inactive,172.184,-0.9792999999999998,2,3,2.769551078621726
CHEMBL422419,C[C@H](N[C@@H](CCc1ccccc1)C(=O)O)C(=O)N1C[C@H](OC(=O)NC(CS)Cc2ccccc2)C[C@H]1C(=O)O,active,557.6690000000003,2.3718999999999997,5,7,6.295849483160201
CHEMBL17697,C[C@H](N)C(=O)N[C@@H](C)C(=O)O,inactive,160.17299999999997,-1.0770999999999997,3,3,3.2100000013111223
CHEMBL314706,O=C(O)CN1CCCC(NC(CCc2ccccc2)C(=O)O)C1=O,active,334.3720000000001,0.7375999999999994,3,4,6.366531544420414
CHEMBL84966,NC1CCCCCN(CC(=O)O)C1=O,inactive,200.238,-0.19910000000000033,2,3,3.3565473235138126
CHEMBL93178,C[C@H](NC(=O)[C@@H](N)CCCCN)C(=O)O,inactive,217.26899999999995,-0.9679999999999989,4,4,3.419999995796937
CHEMBL330038,NCC(=O)N[C@@H](CCC(N)=O)C(=O)O,inactive,203.19799999999995,-2.219999999999999,4,4,2.1500000002356523
CHEMBL17503,C[C@H](NC(=O)[C@@H](N)CC(=O)O)C(=O)O,inactive,204.182,-1.6222999999999992,4,4,2.4200000003661803
CHEMBL299889,NCC(=O)N[C@@H](Cc1ccccc1)C(=O)O,inactive,222.244,-0.24279999999999952,3,3,3.2000000030837636
CHEMBL56923,CC[C@H](C)[C@H](N)C(=O)N[C@@H](Cc1c[nH]c2ccccc12)C(=O)O,intermediate,317.38900000000007,1.6531999999999998,4,3,5.700000503883016
CHEMBL92255,NC(N)=NCCC[C@H](N)C(=O)N[C@@H](Cc1ccccc1)C(=O)O,inactive,321.38100000000003,-0.8205999999999962,5,4,3.6399999910458836
CHEMBL53400,NCC(=O)N[C@@H](Cc1ccc(O)cc1)C(=O)O,inactive,238.243,-0.5371999999999997,4,4,3.6800000064135183
CHEMBL327588,N[C@@H](Cc1c[nH]c2ccccc12)C(=O)NCC(=O)O,inactive,261.28099999999995,0.23850000000000016,4,3,2.2300000002622604
CHEMBL91792,C[C@H](N)C(=O)N[C@@H](Cc1c[nH]c2ccccc12)C(=O)O,inactive,275.30800000000005,0.6269999999999998,4,3,5.0
CHEMBL96806,NCC(=O)N[C@@H](CCCN=C(N)N)C(=O)O,inactive,231.25599999999997,-2.431899999999998,5,4,2.4899999999055544
CHEMBL316103,C[C@H](NC(=O)[C@@H](N)Cc1ccc(O)cc1)C(=O)O,inactive,252.27,-0.14870000000000078,4,4,3.33999999963408
CHEMBL90972,CSCC[C@H](N)C(=O)NCC(=O)O,inactive,206.267,-0.732399999999999,3,4,2.3200000002927523
CHEMBL86891,O=C(O)CN1CCC(NC(CCc2ccccc2)C(=O)O)C1=O,inactive,320.3450000000001,0.3474999999999994,3,4,4.920818753952375
CHEMBL312918,C[C@H](N[C@@H](CCc1ccccc1)C(=O)O)C(=O)N1C[C@@H](NC(=O)C(CS)Cc2ccccc2)C[C@H]1C(=O)O,active,541.6700000000003,2.0095000000000005,5,6,7.376750709602099
CHEMBL3350294,O=C(O)CN1CCCCC[C@@H](N[C@H](CCc2ccccc2)C(=O)O)C1=O,active,362.4260000000001,1.5177999999999996,3,4,7.036212172654444
CHEMBL94016,C[C@H](N)C(=O)N[C@@H](Cc1ccc(O)cc1)C(=O)O,inactive,252.27,-0.1486999999999999,4,4,4.059999994991732
CHEMBL55433,CC[C@H](C)[C@H](NC(=O)CN)C(=O)O,inactive,188.22699999999998,-0.43939999999999874,3,3,2.92000000166795
CHEMBL89547,C[C@H](CS)C(=O)N1C[C@@H](NC(=O)C(CS)Cc2ccc(-c3ccccc3)cc2)C[C@H]1C(=O)O,active,486.6590000000003,3.178300000000001,4,5,6.157390760389438
CHEMBL91777,CC(C)[C@H](N)C(=O)N[C@@H](Cc1c[nH]c2ccccc12)C(=O)O,intermediate,303.3620000000001,1.2631,4,3,5.800000874803203
CHEMBL91160,NC(N)=NCCC[C@H](N)C(=O)N[C@@H](Cc1c[nH]c2ccccc12)C(=O)O,inactive,360.41800000000006,-0.339299999999998,6,4,4.800000052738446
CHEMBL86915,O=C(O)CN1CCCCCCC(NC(CCc2ccccc2)C(=O)O)C1=O,intermediate,376.4530000000001,1.9078999999999993,3,4,5.886056647693163
CHEMBL8486,CC(C)[C@H](N)C(=O)N[C@@H](Cc1ccccc1)C(=O)O,inactive,264.325,0.7817999999999998,3,3,4.279999967105453
CHEMBL314532,NCC(=O)N[C@@H](CCC(=O)O)C(=O)O,inactive,204.182,-1.6206999999999994,4,4,2.2700000002994214
CHEMBL328327,C[C@H](CS)C(=O)N1C[C@@H](NC(=O)C(CS)Cc2ccccc2)C[C@H]1C(=O)O,active,410.5610000000002,1.5113,4,5,7.060480747381382
CHEMBL291636,N=C(N)NCCC[C@H](NC(=O)[C@@H](N)Cc1ccccc1)C(=O)O,inactive,321.38100000000003,-0.6109299999999969,6,4,3.0399999996932876
CHEMBL421171,N[C@@H](CC(=O)O)C(=O)NCC(=O)O,inactive,190.15499999999997,-2.0107999999999997,4,4,1.849999999884013
CHEMBL330316,C[C@H](CS)C(=O)N1C[C@@H](NC(=O)NC(CS)Cc2ccccc2)C[C@H]1C(=O)O,active,425.5760000000002,1.4467,5,5,6.8326826652518236
CHEMBL299759,NCC(=O)N[C@@H](Cc1c[nH]c2ccccc12)C(=O)O,inactive,261.28099999999995,0.2385000000000001,4,3,4.519999959791458
CHEMBL91241,C[C@H](NC(=O)CN)C(=O)O,inactive,146.14600000000002,-1.4655999999999993,3,3,2.7000000010815404
CHEMBL90452,N[C@@H](Cc1c[nH]cn1)C(=O)NCC(=O)O,inactive,212.20899999999997,-1.5196999999999998,4,4,2.200000000330522
CHEMBL90260,CC(C)C[C@H](NC(=O)[C@@H](N)Cc1c[nH]cn1)C(=O)O,inactive,268.31699999999995,-0.10499999999999848,4,4,2.4899999999055544
CHEMBL316374,NC1CCCCN(CC(=O)O)C1=O,inactive,186.211,-0.5892000000000004,2,3,3.318758762624413
CHEMBL90670,NC(=O)CC[C@H](N)C(=O)NCC(=O)O,inactive,203.198,-2.219999999999999,4,4,2.1300000001762918
CHEMBL328471,C[C@H](NC(=O)[C@@H](N)CCCN=C(N)N)C(=O)O,inactive,245.28299999999996,-2.0433999999999974,5,4,3.33999999963408
CHEMBL55711,CC(C)C[C@H](N)C(=O)NCC(=O)O,inactive,188.22699999999998,-0.43939999999999874,3,3,2.0599999999781002
CHEMBL421361,N[C@@H](CCC(=O)O)C(=O)NCC(=O)O,inactive,204.182,-1.6206999999999987,4,4,2.0
CHEMBL90575,NC(N)=NCCC[C@H](N)C(=O)N1CCC[C@@H]1C(=O)O,inactive,271.3209999999999,-1.557099999999997,4,4,3.739999990121752
CHEMBL301546,CC(C)[C@H](N)C(=O)NCC(=O)O,inactive,174.2,-0.829499999999999,3,3,2.9599999984723877
CHEMBL301979,CC[C@H](C)[C@H](N)C(=O)NCC(=O)O,inactive,188.22699999999998,-0.43939999999999874,3,3,2.92000000166795
CHEMBL90973,NCC(=O)N[C@@H](CO)C(=O)O,inactive,162.14499999999998,-2.4931999999999994,4,4,2.4200000003661803
CHEMBL59426,O=C(O)CNC(=O)[C@@H]1CCCN1,inactive,172.18399999999997,-1.0608,3,3,1.7700000001180827
CHEMBL10521,CC(CC(=O)C(Cc1ccccc1)NC(=O)C(CCCCN)NC(=O)C1CCC1)C(=O)N1CCCC1C(=O)O,active,542.6770000000006,1.7987000000000024,4,6,8.522878745280337
CHEMBL108606,CC(C)CCC(NC(C)C(=O)N1CCCC1C(=O)O)C(=O)O,active,314.382,0.9295000000000004,3,4,8.100015437450608
CHEMBL110925,CC(NC(CCC(=O)Nc1ccc(I)cc1)C(=O)O)C(=O)N1CCCC1C(=O)O,active,517.3200000000003,1.5168,4,5,9.100015437450608
CHEMBL107700,CC(NC(=O)C1CCCCC1S)C(=O)N1CCCC1C(=O)O,active,328.4340000000001,1.0553000000000001,3,4,8.0
CHEMBL105790,CC1(CS)C(=O)N2CCCC(C(=O)O)N2C1=O,intermediate,258.299,-0.24469999999999997,2,4,5.499999678657065
CHEMBL321012,O=C(O)C1CCCN1C(=O)C1CCCC1S,active,243.328,1.1604999999999996,2,3,6.900008766455316
CHEMBL80906,O=C(O)CN1C(=O)C(NC(CCc2ccccc2)C(=O)O)CCc2ccccc21,active,396.4430000000002,2.0946000000000007,3,4,8.0
CHEMBL105890,NCCCCC(NC(CCc1ccccc1)C(=O)O)C(=O)N1CCCC1C(=O)O,active,405.49500000000023,1.2352000000000007,4,5,8.400007822415901
CHEMBL10247,O=C(O)CNC(=O)C(CS)Cc1ccccc1,active,253.323,0.9758999999999998,3,3,6.499996931948306
CHEMBL109178,CC(OP(=O)(O)C(CCc1ccccc1)NC(=O)c1ccccc1)C(=O)N1CCCC1C(=O)O,active,488.4770000000003,3.041400000000001,3,5,7.400007822415902
CHEMBL107635,O=C(O)CCc1cc(O)c2n(c1=O)C(C(=O)O)CC2,active,267.237,0.14299999999999974,3,4,7.50003813440381
CHEMBL10465,O=C(NC(Cc1ccccc1)C(=O)CCC(=O)N1CCCC1C(=O)O)c1ccccc1,active,422.48100000000017,2.4525999999999994,2,4,8.0
CHEMBL62955,CC(NP(=O)(O)CCc1ccccc1)C(=O)N1CCCC1C(=O)O,active,354.3430000000002,1.4682,3,3,7.599980364934842
CHEMBL105971,CC(NC(CCc1cccc2ccccc12)C(=O)O)C(=O)N1CCCC1C(=O)O,active,398.45900000000023,2.2792999999999997,3,4,8.500038134403809
CHEMBL41289,CC(C)CC(NP(=O)(O)OC1OC(C)C(O)C(O)C1O)C(=O)NC(Cc1c[nH]c2ccccc12)C(=O)O,active,543.5100000000002,0.22860000000000186,8,8,8.299988937677888
CHEMBL325544,O=C(O)C1CCCN2C(=O)CC(CS)C(=O)N12,active,258.299,-0.24469999999999986,2,4,6.900008766455316
CHEMBL110870,CC(NP(=O)(O)O)C(=O)C1CCCC1C(=O)O,active,265.20199999999994,0.1271999999999997,4,3,8.299988937677888
CHEMBL108988,O=C(O)C1CC2(CN1C(=O)CP(=O)(O)CCCCc1ccccc1)SCCS2,active,443.5270000000002,3.1415000000000015,2,5,7.899974269892137
CHEMBL110375,CC(CS)C(=O)N1C(=O)CCC1C(=O)O,active,231.27299999999997,0.1544999999999998,2,4,7.50003813440381
CHEMBL110439,CC1CCCC(NC(CCc2ccccc2)C(=O)O)C(=O)N1CC(=O)O,active,362.42600000000016,1.5162,3,4,8.0
CHEMBL38405,O=C(O)CC(=O)NC(CS)Cc1ccccc1,inactive,253.323,1.1184,3,3,1.0
CHEMBL323051,O=C(O)C1CCC(=O)N1CCCS,inactive,203.26299999999998,0.3819000000000002,2,3,1.0
CHEMBL322266,O=C(O)C(CCc1ccccc1)NC1CCCC2SCC(C(=O)O)N2C1=O,active,392.47700000000015,1.5692000000000002,3,5,8.700057099977233
CHEMBL106193,O=C(O)C1CCCN1C(=O)C1CCC1S,active,229.30100000000002,0.7703999999999998,2,3,6.799998134593398
CHEMBL111578,O=C(SC1CCCC1C(=O)N1CCCC1C(=O)O)c1ccccc1,active,347.436,2.8043000000000005,1,4,7.199970640755866
CHEMBL326902,O=C(O)Cn1c(=O)n2n(c1=O)C(C(=O)O)C=CC2,active,255.18599999999998,-1.9083999999999988,2,4,8.500038134403809
CHEMBL322291,O=C(O)C1C=CCn2c(=O)n(CS)c(=O)n21,intermediate,243.244,-1.1057000000000001,2,4,5.59999938302362
CHEMBL23849,CC(CS)C(=O)N1c2ccccc2CC1C(=O)O,active,265.334,1.5948,2,3,7.899974269892137
CHEMBL110444,O=C(O)C1CSC(c2ccccc2O)N1C(=O)CCS,active,313.4000000000001,1.7392999999999996,3,5,7.700057099977233
CHEMBL172787,CC(C)C(C(=O)NC(Cc1ccc(O)cc1)C(=O)O)C(S)CCc1ccccc1,intermediate,415.5550000000001,3.7075000000000022,4,4,5.346787486224656
CHEMBL174237,CC(C)C[C@@H](S)[C@H](Cc1ccccc1)C(=O)N[C@@H](C)C(=O)O,intermediate,323.4580000000001,2.7790999999999997,3,3,5.301029995663981
CHEMBL174066,CCCCC(NC(=O)C(Cc1ccccc1)C(C)S)C(=O)NC(Cc1ccc(O)cc1)C(=O)O,intermediate,486.6340000000002,3.356300000000001,5,5,5.214670164989233
CHEMBL44139,CCC[C@H](N[C@H]1CCc2ccccc2N(CC(=O)O)C1=O)C(=O)O,active,334.37200000000007,1.2619,3,4,8.221848749616356
CHEMBL367174,CC(C)CC(S)CC(=O)NC(Cc1ccccc1)C(=O)NC(Cc1ccc(O)cc1)C(=O)O,intermediate,472.6070000000002,2.9662000000000006,5,5,5.552841968657781
CHEMBL289267,O=C(O)CN1C(=O)[C@@H](N[C@@H](CSCc2ccccc2)C(=O)O)CCc2ccccc21,active,428.5100000000002,2.3952,3,5,8.537602002101044
CHEMBL176960,CC(C)C(NC(=O)C(Cc1ccccc1)C(C)S)C(=O)NC(Cc1ccc(O)cc1)C(=O)O,intermediate,472.6070000000002,2.8221000000000007,5,5,5.886056647693163
CHEMBL38613,O=C(O)CN1C(=O)[C@@H](N[C@@H](CSc2ccccc2)C(=O)O)CCc2ccccc21,active,414.48300000000023,2.2540999999999993,3,5,8.397940008672037
CHEMBL175110,O=C(O)C(Cc1ccc(O)cc1)NC(=O)C(Cc1ccccc1)C(S)CCc1ccccc1,intermediate,463.59900000000016,4.294200000000004,4,4,5.795880017344075
CHEMBL417169,CCOC(=O)[C@H](CCCCN)N[C@H]1CCc2ccccc2N(CC(=O)O)C1=O,active,391.46800000000013,1.0693000000000006,3,6,7.3979400086720375
CHEMBL171850,CC(C)CC(S)C(Cc1ccccc1)C(=O)NC(Cc1ccc(O)cc1)C(=O)O,active,415.5550000000002,3.7075000000000014,4,4,6.1487416512809245
CHEMBL290802,O=C(O)CN1C(=O)[C@@H](N[C@@H](Cc2ccccc2)C(=O)O)CCc2ccccc21,active,382.41600000000017,1.7045000000000012,3,4,8.070581074285707
CHEMBL290328,COC(=O)[C@H](CC(C)C)N[C@H]1CCc2ccccc2N(CC(=O)O)C1=O,active,362.42600000000016,1.5963,2,5,6.0
CHEMBL296331,CCOC(=O)[C@H](Cc1c[nH]c2ccccc12)N[C@H]1CCc2ccccc2N(CC(=O)O)C1=O,active,449.5070000000003,2.6643,3,5,6.267606240177032
CHEMBL172978,CCC(C)C(NC(=O)C(Cc1ccccc1)C(C)S)C(=O)NC(Cc1ccc(O)cc1)C(=O)O,active,486.6340000000002,3.212200000000001,5,5,6.522878745280337
CHEMBL40806,CC(C)C[C@H](N[C@H]1CCc2ccccc2N(CC(=O)O)C1=O)C(=O)O,active,348.3990000000001,1.5079,3,4,7.346787486224656
CHEMBL55286,CC(C)CC(S)C(Cc1ccccc1)C(=O)NC(C)C(=O)O,inactive,323.4580000000001,2.7790999999999997,3,3,4.920818753952375
CHEMBL44077,O=C(O)CN1C(=O)[C@@H](N[C@@H](Cc2c[nH]c3ccccc23)C(=O)O)CCc2ccccc21,active,421.45300000000026,2.1858000000000013,4,4,7.886056647693163
CHEMBL173919,CC(C)CC(S)[C@H](Cc1ccccc1)C(=O)N[C@@H](C)C(=O)O,intermediate,323.4580000000001,2.7790999999999997,3,3,5.3979400086720375
CHEMBL289618,CCOC(=O)[C@H](CCCCNC(=O)OCc1ccccc1)N[C@H]1CCc2ccccc2N(CC(=O)O)C1=O,active,525.6020000000002,3.0370000000000017,3,7,7.823908740944319
CHEMBL416979,CSCC[C@H](N[C@H]1CCc2ccccc2N(CC(=O)O)C1=O)C(=O)O,active,366.43900000000014,1.2148999999999999,3,5,8.187086643357144
CHEMBL432689,O=C(O)CN1C(=O)[C@@H](N[C@@H](CCCCNC(=O)OCc2ccccc2)C(=O)O)CCc2ccccc21,active,497.5480000000003,2.5585000000000013,4,6,7.886056647693163
CHEMBL42683,O=C(O)CN1C(=O)[C@@H](N[C@@H](COCc2ccccc2)C(=O)O)CCc2ccccc21,active,412.4420000000002,1.678600000000001,3,5,8.0
CHEMBL40420,CC(C)(C)OC(=O)NCCCC[C@H](N[C@H]1CCc2ccccc2N(CC(=O)O)C1=O)C(=O)O,active,463.5310000000002,2.1568,4,6,8.397940008672037
CHEMBL42976,O=C(O)CN1C(=O)[C@@H](N[C@@H](CSCCc2ccccc2)C(=O)O)CCc2ccccc21,active,442.5370000000002,2.4377000000000004,3,5,8.154901959985743
CHEMBL366937,CC(S)C(Cc1ccccc1)C(=O)NCC(=O)O,inactive,267.34999999999997,1.3643999999999996,3,3,4.958607314841775
CHEMBL430554,NCCCC[C@H](N[C@H]1CCc2ccccc2N(CC(=O)O)C1=O)C(=O)O,active,363.4140000000001,0.5907999999999999,4,5,8.154901959985743
CHEMBL41985,CCCC[C@H](N[C@H]1CCc2ccccc2N(CC(=O)O)C1=O)C(=O)O,active,348.3990000000001,1.652,3,4,8.301029995663981
CHEMBL40709,CCCC[C@H](N[C@H]1CCc2ccccc2N(CC(=O)O)C1=O)C(=O)OCC,intermediate,376.4530000000002,2.1305000000000005,2,5,5.585026652029182
CHEMBL54601,CC(NC(=O)C(Cc1ccccc1)C(S)CCc1ccccc1)C(=O)O,intermediate,371.50200000000007,3.365800000000002,3,3,5.3979400086720375
CHEMBL173287,CC(C)CC(S)CC(=O)NC(Cc1ccccc1)C(=O)O,inactive,309.43100000000004,2.5331,3,3,5.0
CHEMBL2110258,CC(C)C[C@H](S)[C@H](Cc1ccccc1)C(=O)N[C@@H](C)C(=O)O,inactive,323.4580000000001,2.7790999999999997,3,3,5.0
CHEMBL2110347,CC(C)C[C@H](S)[C@@H](Cc1ccccc1)C(=O)N[C@@H](C)C(=O)O,inactive,323.4580000000001,2.7790999999999997,3,3,4.79317412396815
CHEMBL114658,CC1(C)CCCC(NC(=O)[C@@H](S)Cc2ccccc2)C(=O)N1CC(=O)O,active,378.49400000000014,1.8879999999999997,3,4,7.920818753952375
CHEMBL1519,CCOC(=O)[C@H](CCc1ccccc1)N[C@@H](C)C(=O)N1[C@H](C(=O)O)C[C@H]2CCCC[C@@H]21,active,430.54500000000036,2.7733000000000008,2,5,9.031517051446064
CHEMBL1168,CCOC(=O)[C@H](CCc1ccccc1)N[C@@H](C)C(=O)N1[C@H](C(=O)O)C[C@@H]2CCC[C@@H]21,active,416.5180000000003,2.3831999999999995,2,5,8.397940008672037
CHEMBL431210,CCCC[C@H](CN(O)C=O)C(=O)N[C@H](C(=O)N(C)C)C(C)(C)C,inactive,329.4410000000001,1.2595,2,4,4.0
CHEMBL113759,O=C(O)C(CCc1ccccc1)N[C@@H](Cc1ccccc1)C(=O)NC[C@H](O)C(=O)O,inactive,414.4580000000002,0.8349999999999995,5,5,5.0
CHEMBL838,CCOC(=O)[C@H](CCc1ccccc1)N[C@H]1CCc2ccccc2N(CC(=O)O)C1=O,active,424.49700000000024,2.5731,2,5,8.769551078621726
CHEMBL3039598,CCC(=O)O[C@@H](O[P@](=O)(CCCCc1ccccc1)CC(=O)N1C[C@H](C2CCCCC2)C[C@H]1C(=O)O)C(C)C,active,563.6720000000004,6.121300000000007,1,6,9.0
CHEMBL331378,C[C@H](CSC(=O)c1ccccc1)C(=O)N1C[C@@H](Sc2ccccc2)C[C@H]1C(=O)O,active,429.56300000000016,4.042500000000002,1,5,9.397940008672037
CHEMBL191,CCCCc1nc(Cl)c(CO)n1Cc1ccc(-c2ccccc2-c2nnn[nH]2)cc1,active,422.9200000000001,4.2668000000000035,2,5,7.721246399047171
CHEMBL308333,CCCCC[C@H](CC(=O)NO)C(=O)N[C@H](C(=O)N1CCC[C@H]1CO)C(C)C,inactive,385.5050000000002,1.2025000000000012,4,5,4.0
CHEMBL325056,O=C(NC1CCC[C@H]2CCC[C@@H](C(=O)O)N2C1=O)[C@@H](S)Cc1ccccc1,active,390.50500000000005,2.0304999999999995,3,4,8.301029995663981
CHEMBL310750,O=C(O)CCn1c(=O)n2n(c1=O)[C@H](C(=O)O)C=CC2,active,269.213,-1.518299999999999,2,4,9.0
CHEMBL445561,CSC1(SC)C[C@@H](C(=O)O)N(C(=O)[C@H](CCCCN)OP(=O)(O)CCCCc2ccccc2)C1,active,532.6650000000004,3.8167000000000026,3,7,8.590066876668706
CHEMBL80147,C[C@H](NCCCc1ccccc1)C(=O)N1CCC[C@H]1C(=O)O,intermediate,304.39,1.6728999999999998,2,3,5.2399999527072705
CHEMBL310869,NC(Cc1ccccc1)C(=O)N[C@H](CCC(=O)N1[C@H](C(=O)O)C[C@@H]2CCCC[C@@H]21)C(=O)O,active,445.51600000000025,1.1503000000000005,4,5,7.0
CHEMBL309914,CC(S)C(=O)N[C@@H](CS)C(=O)O,inactive,209.292,-0.19610000000000016,4,4,3.2699999970646445
CHEMBL420391,NCCCCC(NC(=O)OCc1ccccc1)C(=O)N[C@H](CCC(=O)N1CCC[C@H]1C(=O)O)C(=O)O,active,506.5560000000004,0.835600000000001,5,7,7.92009553233328
CHEMBL277270,O=C(O)[C@@H]1CC2(CN1C(=O)CP(=O)(O)CCCCc1ccccc1)SCCS2,active,443.5270000000002,3.1415000000000015,2,5,8.400007822415901
CHEMBL309601,C[C@H](NP(=O)(O)CCc1ccccc1)C(=O)N1CCC[C@H]1C(=O)O,active,354.3430000000002,1.4682,3,3,8.15002808767115
CHEMBL80729,O=C(O)CCC(=O)CCS,intermediate,162.21,0.7402,2,3,5.620000528471499
CHEMBL65423,C[C@H](NCC(=O)O)C(=O)N1CCC[C@H]1C(=O)O,intermediate,244.24699999999996,-0.8752999999999991,3,4,5.620000528471499
CHEMBL312431,C[C@H](NC(C(=O)O)C1CCCN1C(=O)c1ccccc1)C(=O)N1CCC[C@H]1C(=O)O,active,417.4620000000002,0.7981000000000009,3,5,8.54000474395261
CHEMBL77056,C[C@H](NC(=O)CCC(=O)O)C(=O)O,inactive,189.167,-0.5594999999999994,3,3,2.870000000834375
CHEMBL78341,C[C@H](NC(CCc1ccccc1)C(=O)O)C(=O)N(CC(=O)O)C1Cc2ccccc2C1,active,424.49700000000024,2.131100000000001,3,4,7.400007822415902
CHEMBL35561,NCCCC[C@H](OP(=O)(O)CCCCc1ccccc1)C(=O)N(CC(=O)O)c1ccc2c(c1)OCO2,active,520.5190000000002,3.5554000000000023,3,7,9.940058111938045
CHEMBL1907754,CCOC(=O)C(CCc1ccccc1)SC(C)C(=O)N1Cc2ccccc2C[C@H]1C(=O)O,active,455.5760000000003,3.7107000000000028,1,5,6.337242168318426
CHEMBL80101,O=C(O)CCC(=O)N[C@@H](Cc1ccccc1)C(=O)O,inactive,265.265,0.6632999999999996,3,3,3.260000003048627
CHEMBL36503,NCCCC[C@H](OP(=O)(O)CCCCc1ccccc1)C(=O)N1CCC[C@H]1C(=O)O,active,440.4770000000002,2.7845000000000004,3,5,7.439973751087107
CHEMBL80240,Cc1ccc(N(CC(=O)O)C(=O)C(C)N)cc1,intermediate,236.27100000000002,0.7598199999999997,2,3,5.589999287456538
CHEMBL311471,CCN(C[C@H](CCc1ccccc1)C(=O)O)C(=O)N1Cc2ccccc2C[C@H]1C(=O)O,active,424.4970000000002,3.2734000000000014,2,3,8.18996921359416
CHEMBL611148,C[C@@H](CS)C(=O)N1c2ccccc2C[C@H]1C(=O)O,active,265.334,1.5948,2,3,8.219970872662662
CHEMBL431983,O=C(O)[C@@H]1CCCN1C(=O)C1CCCC1S,active,243.328,1.1604999999999996,2,3,7.189969213594161
CHEMBL305938,O=C(O)[C@H]1CCCN1C(=O)CCS,inactive,203.263,0.3819000000000002,2,3,2.739999999668255
CHEMBL77446,O=C(O)C(CCc1ccccc1)N[C@H]1CCN2CCC[C@@H](C(=O)O)N2C1=O,active,375.4250000000002,0.7268999999999999,3,5,7.250031916490597
CHEMBL2079671,CCOC(=O)[C@H](CCc1ccccc1)N[C@@H](C)C(=O)N1C2CCCCC2C[C@H]1C(=O)O,active,430.54500000000036,2.7733,2,5,7.0
CHEMBL79190,O=C(O)[C@@H]1CCCN2C(=O)C[C@@H](CS)C(=O)N12,active,258.299,-0.24469999999999986,2,4,7.15002808767115
CHEMBL287518,NCCCC[C@H](OP(=O)(O)CCCCc1ccccc1)C(=O)N1C[C@H](C2CCCCC2)C[C@H]1C(=O)O,active,522.6230000000004,4.590900000000004,3,5,8.489991487059765
CHEMBL309799,CC(S)C(=O)N[C@@H](Cc1c[nH]c2ccccc12)C(=O)O,active,292.36000000000007,1.5980999999999999,4,3,7.189969213594161
CHEMBL284843,NCCCC[C@H](OP(=O)(O)CCCCc1ccccc1)C(=O)N1C[C@@H](Cc2ccccc2)C[C@H]1C(=O)O,active,530.6020000000003,4.253300000000003,3,5,9.049976093476673
CHEMBL310841,O=C(NC(Cc1ccccc1)CP(=O)(O)CC(=O)N1CCC[C@H]1C(=O)O)c1ccccc1,active,458.4510000000002,2.3737000000000004,3,4,8.0
CHEMBL80667,O=C(CCS)OC(Cc1ccccc1)C(=O)O,active,254.307,1.5454,2,4,6.149997413907539
CHEMBL284494,CCOC(=O)C(CCc1ccccc1)OC(C)C(=O)N1CCCC1C(=O)O,active,377.43700000000024,2.0316,1,5,6.657577319177793
CHEMBL77556,C[C@@H](NC(=O)C(S)Cc1ccccc1)C(=O)N1CCC[C@H]1C(=O)O,active,350.44000000000017,1.1078,3,4,7.299988937677887
CHEMBL80304,O=C(O)CCNC(=O)CCS,inactive,177.225,-0.10279999999999967,3,3,3.3099999994399916
CHEMBL78340,CC(C)CCC(N[C@@H](C)C(=O)N1CCC[C@H]1C(=O)O)C(=O)O,active,314.382,0.9295000000000004,3,4,8.590066876668706
CHEMBL80981,CC(C)(S)C(=O)N[C@@H](Cc1c[nH]c2ccccc12)C(=O)O,inactive,306.38700000000006,1.9882,4,3,4.419999995796937
CHEMBL34832,NCCCC[C@H](OP(=O)(O)CCCCc1ccccc1)C(=O)N1C[C@@H](Sc2ccccc2)C[C@H]1C(=O)O,active,548.6420000000003,4.5553000000000035,3,6,9.280006173632396
CHEMBL78629,O=C(NC(Cc1ccccc1)C(=O)N[C@H](CCC(=O)N1c2ccccc2C[C@H]1C(=O)O)C(=O)O)OCc1ccccc1,active,573.6020000000003,2.916200000000001,4,6,9.599980364934842
CHEMBL284345,NCCCC[C@H](OP(=O)(O)CCCCc1ccccc1)C(=O)N(CC(=O)O)c1ccccc1,active,476.51000000000016,3.8267000000000024,3,5,8.969805214643248
CHEMBL10962,O=C(O)[C@@H]1CCCN1C(=O)CCS,active,203.263,0.3819000000000002,2,3,6.699991797446187
CHEMBL78953,C[C@@H](N)C(=O)N[C@@H](Cc1ccccc1)C(=O)O,inactive,236.27100000000002,0.1457000000000001,3,3,3.720000004094201
CHEMBL80242,O=C(O)C[C@H](NC(=O)CS)C(=O)O,inactive,207.207,-1.0397,4,4,4.110000009303415
CHEMBL263556,O=C(O)[C@@H]1CCCN1C(=O)CP(=O)(O)O,intermediate,237.148,-0.7603000000000001,3,3,5.079999880484295
CHEMBL312550,O=C(O)[C@@H]1CCCN1C(=O)CCP(=O)(O)O,inactive,251.17499999999998,-0.37019999999999975,3,3,4.319999993033794
CHEMBL284734,NCCCC[C@H](OP(=O)(O)CCCCc1ccccc1)C(=O)N1c2ccccc2C[C@H]1C(=O)O,active,488.5210000000002,3.751400000000002,3,5,9.53003079050004
CHEMBL1907760,CCOC(=O)C(CCc1ccccc1)SC(C)C(=O)N1C2CCCCC2C[C@H]1C(=O)O,intermediate,447.5970000000004,3.9169000000000027,1,5,5.698970004336019
CHEMBL80665,C[C@H](NC(CCC(=O)Nc1ccc(I)cc1)C(=O)O)C(=O)N1CCC[C@H]1C(=O)O,active,517.3200000000003,1.5168,4,5,9.639974910810603
CHEMBL79016,C[C@H](NC(=O)CCS)C(=O)N1CCC[C@H]1C(=O)O,intermediate,274.342,-0.11340000000000044,3,4,5.589999287456538
CHEMBL80779,C[C@H](NC(CCc1cccc2ccccc12)C(=O)O)C(=O)N1CCC[C@H]1C(=O)O,active,398.45900000000023,2.2792999999999997,3,4,8.96018944585165
CHEMBL412666,NC(CS)C(=O)N1CCC[C@H]1C(=O)O,active,218.27799999999996,-0.6809000000000003,3,4,7.199970640755866
CHEMBL34650,NCCCC[C@H](OP(=O)(O)CCCCc1ccccc1)C(=O)N1CC2(C[C@H]1C(=O)O)SCCS2,active,530.6490000000002,3.570700000000002,3,7,9.199970640755865
CHEMBL309333,O=C(CCS)N[C@@H](CS)C(=O)O,inactive,209.292,-0.1944999999999999,4,4,4.169999984192581
CHEMBL79189,C[C@H](CS)C(=O)N1Cc2ccccc2C[C@H]1C(=O)O,active,279.361,1.5904,2,3,7.700057099977233
CHEMBL78805,C[C@H](CC(=O)O)C(=O)N1CCC[C@H]1C(=O)O,inactive,229.23199999999994,0.1727999999999998,2,3,4.989999996723885
CHEMBL78780,C[C@H](CCC(=O)O)C(=O)N1CCC[C@H]1C(=O)O,intermediate,243.25899999999996,0.5628999999999997,2,3,5.309999839831227
CHEMBL311064,O=C(CCS)N[C@@H](Cc1c[nH]c2ccccc12)C(=O)O,inactive,292.36000000000007,1.5997000000000001,4,3,3.0
CHEMBL80657,CN(C(=O)CCS)[C@@H](Cc1ccccc1)C(=O)O,inactive,267.35,1.4606000000000001,2,3,4.510000060783276
CHEMBL80646,C[C@H](NC(CCc1ccccc1)P(=O)(O)O)C(=O)N1CCC[C@H]1C(=O)O,active,384.3690000000002,1.1766999999999996,4,4,7.289967300934246
CHEMBL78489,CC(CS)C(=O)N[C@@H](Cc1c[nH]c2ccccc12)C(=O)O,active,306.38700000000006,1.8457,4,3,7.460046158343603
CHEMBL310764,CC(C)[C@H](NC(=O)CCC(=O)O)C(=O)O,inactive,217.22099999999998,0.07659999999999922,3,3,2.9599999984723877
CHEMBL78435,O=C(O)[C@@H]1CCCN1C(=O)C1CCC1S,active,229.30100000000002,0.7703999999999998,2,3,7.309981219211305
CHEMBL312120,O=C(CS)N[C@@H](Cc1c[nH]c2ccccc12)C(=O)O,active,278.333,1.2096,4,3,6.119998611678231
CHEMBL289022,CS[C@@H]1C[C@@H](C(=O)O)N(C(=O)[C@H](CCCCN)OP(=O)(O)CCCCc2ccccc2)C1,active,486.57100000000025,3.1260000000000012,3,6,9.280006173632396
CHEMBL419649,C[C@H](CC(CCc1ccccc1)C(=O)O)C(=O)N1c2ccccc2C[C@H]1C(=O)O,active,395.45500000000015,3.388700000000001,2,3,8.320027305722581
CHEMBL78385,COP(=O)(O)C(CCc1ccccc1)N[C@@H](C)C(=O)N1CCC[C@H]1C(=O)O,active,398.39600000000024,1.8308,3,5,6.359995853468939
CHEMBL25996,CCOC(=O)C(CCc1ccccc1)SC(C)C(=O)N1CCCC1C(=O)O,intermediate,393.5050000000003,2.7482000000000006,1,5,5.5376020021010435
CHEMBL1907759,CCOC(=O)C(CCc1ccccc1)SC(C)C(=O)N1CSC[C@@H]1C(=O)O,intermediate,411.54500000000024,2.6587000000000005,1,6,5.318758762624412
CHEMBL25782,CCOC(=O)C(CCc1ccccc1)OC(C)C(=O)N1Cc2ccccc2CC1C(=O)O,active,439.50800000000027,2.9941000000000013,1,5,7.853871964321762
CHEMBL308267,O=C(O)CCc1cc(O)c2n(c1=O)[C@H](C(=O)O)CC2,active,267.237,0.14299999999999974,3,4,6.339998279897117
CHEMBL286339,NCCCC[C@H](OP(=O)(O)CCCCc1ccccc1)C(=O)N1C[C@@H](C2CCCCC2)C[C@H]1C(=O)O,active,522.6230000000004,4.590900000000004,3,5,9.309981219211304
CHEMBL78726,C[C@H](NC(CCc1ccc(O)cc1)C(=O)O)C(=O)N1CCC[C@H]1C(=O)O,active,364.3980000000002,0.8316999999999994,4,5,8.550059011226661
CHEMBL78440,C[C@H](NC(=O)CCS)C(=O)O,active,177.225,-0.10440000000000005,3,3,6.069998998990925
CHEMBL78998,O=C(O)CCCCCS,inactive,148.22700000000003,1.5612,2,2,2.9599999984723877
CHEMBL311316,CC(C)(C)OC(=O)[C@@H]1CCCN1C(=O)CCS,inactive,259.37099999999987,1.639,1,4,4.41000005022751
CHEMBL310139,N[C@@H](Cc1ccccc1)C(=O)N[C@H](CCC(=O)N1[C@H](C(=O)O)C[C@@H]2CCCC[C@@H]21)C(=O)O,active,445.51600000000025,1.1503000000000005,4,5,6.659992382003327
CHEMBL306117,O=C(O)CCC(=O)NCC(=O)O,inactive,175.14,-0.9479999999999997,3,3,2.7000000010815404
CHEMBL309782,CC(C)C[C@H](NC(=O)CCC(=O)O)C(=O)O,inactive,231.24799999999996,0.4666999999999998,3,3,3.2100000013111223
CHEMBL285935,NCCCC[C@H](OP(=O)(O)CCCCc1ccccc1)C(=O)N(CC(=O)O)C1CCCCC1,active,482.55800000000033,3.9548000000000023,3,5,9.53003079050004
CHEMBL79212,C[C@H](NC(CCN)C(=O)O)C(=O)N1CCC[C@H]1C(=O)O,active,287.316,-1.1578999999999973,4,5,6.490004907986601
CHEMBL1807684,CC[C@H](C)[C@H](N)C(=O)N1CCC[C@H]1C(=O)O,inactive,228.29199999999994,0.43539999999999995,2,3,3.889999983714797
CHEMBL311988,CC(C(=O)O)C1CCCCC(CS)C1=O,active,230.32899999999998,2.0124,2,3,7.280006173632396
CHEMBL311239,O=C(CCS)N[C@@H](Cc1c[nH]cn1)C(=O)O,inactive,243.288,-0.15849999999999992,4,4,3.6399999910458836
CHEMBL2079670,C[C@H](N[C@@H](CCc1ccccc1)C(=O)O)C(=O)N1C2CCCCC2C[C@H]1C(=O)O,active,402.49100000000027,2.2947999999999995,3,4,6.585026652029182
CHEMBL309962,O=C(O)[C@@H]1CS[C@H](c2ccccc2O)N1C(=O)CCS,active,313.4000000000001,1.7392999999999996,3,5,8.430041181903405
CHEMBL78443,C[C@H](NP(=O)(O)O)C(=O)N1CCC[C@H]1C(=O)O,active,266.18999999999994,-0.8671999999999997,4,3,6.109998386815364
CHEMBL312094,O=C(CCS)N[C@@H](Cc1ccccc1)C(=O)O,active,253.323,1.1184,3,3,6.369999510099088
CHEMBL78346,C[C@H](NC(CCc1ccccc1)C(=O)O)C(=O)N1CC2CCCCC2[C@H]1C(=O)O,active,402.49100000000027,2.1522999999999994,3,4,8.659952682338607
CHEMBL78731,C[C@H](NC(CCC(=O)Nc1ccccc1)C(=O)O)C(=O)N1CCC[C@H]1C(=O)O,active,391.42400000000026,0.9122000000000001,4,5,8.280006173632396
CHEMBL306556,O=C(O)[C@@H]1C=CCN1C(=O)CCS,active,201.24699999999999,0.15789999999999976,2,3,6.190002844637807
CHEMBL430630,NCCCCC(N)C(=O)N[C@H](CCC(=O)N1[C@H](C(=O)O)C[C@@H]2CCCC[C@@H]21)C(=O)O,active,426.5140000000003,0.03660000000000435,5,6,7.92009553233328
CHEMBL310578,O=C(O)CCC(=O)N1CCC[C@H]1C(=O)O,inactive,215.20499999999998,-0.07320000000000021,2,3,4.480000028175458
CHEMBL309308,NCCC[C@H](NC(CCc1ccccc1)C(=O)O)C(=O)N1CCC[C@H]1C(=O)O,active,391.46800000000025,0.8451000000000011,4,5,8.659952682338607
CHEMBL431707,NCCCC[C@H](OP(=O)(O)CCCCc1ccccc1)C(=O)N1C[C@H](Sc2ccccc2)C[C@H]1C(=O)O,active,548.6420000000003,4.5553000000000035,3,6,9.110026361596004
CHEMBL33025,NCCCC[C@H](OP(=O)(O)CCCCc1ccccc1)C(=O)N1C[C@H](O)C[C@H]1C(=O)O,active,456.47600000000017,1.7552999999999996,4,6,9.059981844992336
CHEMBL284898,CCOC(=O)C(CCc1ccccc1)OC(C)C(=O)N1C(C(=O)O)CC2CCCCC21,active,431.52900000000034,3.2003000000000013,1,5,7.619788758288394
CHEMBL26226,CC(OC(CCc1ccccc1)C(=O)O)C(=O)N1Cc2ccccc2CC1C(=O)O,active,411.4540000000002,2.5156,2,4,7.0655015487564325
CHEMBL80193,C[C@H](NC(CCc1ccccc1)C(N)=O)C(=O)N1CCC[C@H]1C(=O)O,inactive,347.4150000000002,0.5268000000000008,3,4,4.589999963296594
CHEMBL78996,CC(NC(=O)OCc1ccccc1)C(=O)N[C@H](CCC(=O)N1CCC[C@H]1C(=O)O)C(=O)O,active,449.4600000000003,0.7265000000000005,4,6,6.409994580348671
CHEMBL80384,O=C(CS)N[C@@H](CS)C(=O)O,inactive,195.265,-0.5846000000000002,4,4,4.719999935717911
CHEMBL80503,O=C(N[C@H](CCC(=O)N1CCC[C@H]1C(=O)O)C(=O)O)C1CCCN1C(=O)OCc1ccccc1,intermediate,475.4980000000003,1.212800000000001,3,6,5.59999938302362
CHEMBL79008,CCC(C)[C@H](NC(=O)CCC(=O)O)C(=O)O,inactive,231.24799999999996,0.4666999999999998,3,3,2.9799999991916146
CHEMBL1907755,CC(SC(CCc1ccccc1)C(=O)O)C(=O)N1C2CCCCC2C[C@H]1C(=O)O,active,419.5430000000003,3.4384000000000015,2,4,6.853871964321762
CHEMBL78971,CC[C@@H](C)[C@H](C)C(=O)N[C@@H](Cc1ccccc1)C(=O)O,inactive,277.36400000000003,2.4806999999999997,2,2,3.0300000003708836
CHEMBL284272,NCCCC[C@H](OP(=O)(O)CCCCc1ccccc1)C(=O)N1C[C@H](c2ccccc2)C[C@H]1C(=O)O,active,516.5750000000003,4.178200000000003,3,5,6.470005326930858
CHEMBL309537,O=C(O)[C@@H]1CCCN1CCCS,inactive,189.28,0.8552999999999997,2,3,3.620000003443366
CHEMBL1907762,CC(SC(CCc1ccccc1)C(=O)O)C(=O)N1CCC[C@H]1C(=O)O,active,365.4510000000002,2.2697,2,4,6.236572006437063
CHEMBL311363,C[C@@H]1CCCC(NC(CCc2ccccc2)C(=O)O)C(=O)N1CC(=O)O,active,362.42600000000016,1.5162,3,4,8.51999305704285
CHEMBL35309,NCCCC[C@H](OP(=O)(O)CCCCc1ccccc1)C(=O)N1C[C@@H](c2ccccc2)C[C@H]1C(=O)O,active,516.5750000000003,4.178200000000003,3,5,9.880084589742008
CHEMBL35682,COc1ccc(N(CC(=O)O)C(=O)[C@H](CCCCN)OP(=O)(O)CCCCc2ccccc2)cc1OC,active,536.5620000000002,3.8439000000000023,3,7,9.54000474395261
CHEMBL1907752,CCOC(=O)C(CCc1ccccc1)[S+]([O-])C(C)C(=O)N1C2CCCCC2C[C@H]1C(=O)O,active,463.5960000000004,2.9324000000000012,1,5,6.657577319177793
CHEMBL433442,CS[C@H]1C[C@@H](C(=O)O)N(C(=O)[C@H](CCCCN)OP(=O)(O)CCCCc2ccccc2)C1,active,486.57100000000025,3.1260000000000012,3,6,8.720105019988361
CHEMBL311102,O=C(CS)N[C@@H](Cc1c[nH]cn1)C(=O)O,inactive,229.26100000000002,-0.5486000000000002,4,4,3.5899999970886247
CHEMBL442750,O=C(O)[C@@H]1CCC(=O)N1CCCS,inactive,203.26299999999998,0.3819000000000002,2,3,3.1899999993506682
CHEMBL79131,C[C@H](NP(=O)(O)OCc1ccccc1)C(=O)N1CCC[C@H]1C(=O)O,active,356.31500000000017,1.3573,3,4,7.389978975335855
CHEMBL80830,CC(C)(S)C(=O)N[C@@H](CS)C(=O)O,inactive,223.319,0.19399999999999995,4,4,2.140000000044956
CHEMBL78903,C[C@@]1(CCS)C(=O)N2CC=C[C@@H](C(=O)O)N2C1=O,active,270.31,-0.07860000000000006,2,4,7.0
CHEMBL311757,NCCCCC(NC(=O)OCc1ccccc1)C(=O)N[C@H](CCC(=O)N1[C@H](C(=O)O)C[C@@H]2CCCC[C@@H]21)C(=O)O,active,560.6480000000005,2.0043,5,7,8.460046158343603
CHEMBL78353,O=C(N[C@H](CCC(=O)N1[C@H](C(=O)O)C[C@@H]2CCCC[C@@H]21)C(=O)O)C1CCCN1C(=O)OCc1ccccc1,active,529.5900000000004,2.381500000000001,3,6,7.819874124835946
CHEMBL80939,O=C(O)[C@@H]1C=CCn2c(=O)n(CS)c(=O)n21,active,243.244,-1.1057000000000001,2,4,6.149997413907539
CHEMBL311525,C[C@H](CS)C(=O)N1C(=O)CC[C@H]1C(=O)O,active,231.27299999999997,0.1544999999999998,2,4,8.049976093476673
CHEMBL77677,O=C(O)CNC(=O)CCS,intermediate,163.198,-0.49290000000000006,3,3,5.550000451689026
CHEMBL78812,CC(C)[C@H](NC(=O)CCS)C(=O)O,intermediate,205.279,0.5316999999999998,3,3,5.800000874803203
CHEMBL309798,O=C(NC(CCc1ccccc1)P(=O)(O)CC(=O)N1CCC[C@H]1C(=O)O)c1ccccc1,active,458.45100000000025,2.721300000000001,3,4,7.140021558357979
CHEMBL446407,CC(C)(S)C(=O)N[C@@H](CC(=O)O)C(=O)O,inactive,235.26099999999997,-0.26110000000000017,4,4,2.4600000005668043
CHEMBL312224,O=C(O)C(CCc1ccccc1)NC1CCC[C@H]2SC[C@@H](C(=O)O)N2C1=O,active,392.47700000000015,1.5692000000000002,3,5,9.219970872662662
CHEMBL76577,C[C@@H](CS)C(=O)N1CCC[C@@H]1C(=O)O,inactive,217.28999999999996,0.6279000000000001,2,3,4.96000007768865
CHEMBL311268,C[C@H](NC(CCCNC(=O)OCc1ccccc1)C(=O)O)C(=O)N1CCC[C@H]1C(=O)O,active,435.4770000000003,1.1999000000000004,4,6,8.54000474395261
CHEMBL285897,CC(OC(CCc1ccccc1)C(=O)O)C(=O)N1CCCC1C(=O)O,active,349.38300000000015,1.5531,2,4,6.958607314841775
CHEMBL39538,C[C@H](NC(CCc1ccccc1)C(=O)O)C(=O)N1CCC[C@H]1C(=O)O,active,348.39900000000017,1.1261000000000003,3,4,8.92009553233328
CHEMBL309941,C[C@H](CC(=O)[C@@H](Cc1ccccc1)NC(=O)c1ccccc1)C(=O)N1CCC[C@H]1C(=O)O,active,436.50800000000027,2.6986000000000008,2,4,8.51999305704285
CHEMBL78074,CN(CC(=O)O)C(=O)CCS,intermediate,177.22499999999997,-0.15069999999999983,2,3,5.5200002474083645
CHEMBL310624,NCCCCC(NC(=O)OCc1ccccc1)C(=O)N[C@H](CCC(=O)N1c2ccccc2C[C@H]1C(=O)O)C(=O)O,intermediate,554.6000000000004,1.8024999999999995,5,7,5.59999938302362
CHEMBL35419,NCCCC[C@H](OP(=O)(O)CCCCc1ccccc1)C(=O)N1C[C@@H](O)C[C@H]1C(=O)O,active,456.47600000000017,1.7552999999999996,4,6,7.79997073344623
CHEMBL147755,O=C1N[C@H](C(=O)O)Cc2ccccc2CCCCCC[C@@H]1CS,active,335.46900000000005,2.851100000000001,3,3,6.139661993429006
CHEMBL150222,O=C1N[C@H](C(=O)O)CCCCc2ccccc2C[C@@H]1CS,inactive,307.41499999999996,2.0708999999999995,3,3,5.0
CHEMBL146573,O=C1N[C@H](C(=O)O)CCCCCCc2ccccc2C[C@H]1CS,inactive,335.46900000000005,2.851100000000001,3,3,5.0
CHEMBL423574,O=C1N[C@@H](C(=O)O)Cc2ccccc2CCCCCCC[C@@H]1CS,inactive,349.4960000000001,3.2412000000000014,3,3,5.0
CHEMBL346424,O=C1N[C@H](C(=O)O)CCCCc2ccccc2C[C@H]1CS,inactive,307.41499999999996,2.0708999999999995,3,3,5.0
CHEMBL149841,O=C1N[C@H](C(=O)O)CCCCCCc2ccccc2C[C@@H]1CS,inactive,335.46900000000005,2.851100000000001,3,3,5.0
CHEMBL148840,O=C1N[C@H](C(=O)O)CCCCCc2cccc(c2)C[C@H]1CS,intermediate,321.442,2.461,3,3,5.853871964321762
CHEMBL357311,O=C1N[C@H](C(=O)O)CCCCCc2ccccc2C[C@H]1CS,intermediate,321.442,2.461,3,3,5.698970004336019
CHEMBL147526,O=C1N[C@H](C(=O)O)CCCCCCc2cccc(c2)C[C@H]1CS,active,335.469,2.851100000000001,3,3,6.928117992693875
CHEMBL147185,O=C1N[C@H](C(=O)O)CCCCCc2cccc(c2)C[C@@H]1CS,active,321.442,2.461,3,3,8.397940008672037
CHEMBL149367,O=C1N[C@@H](C(=O)O)Cc2ccccc2CCCCCC[C@@H]1CS,active,335.46900000000005,2.851100000000001,3,3,6.327902142064283
CHEMBL357584,O=C1N[C@H](C(=O)O)CCCCCCc2cccc(c2)C[C@@H]1CS,active,335.469,2.851100000000001,3,3,6.756961951313706
CHEMBL342091,O=C1N[C@H](C(=O)O)CCCCCc2ccccc2C[C@@H]1CS,intermediate,321.442,2.461,3,3,5.096910013008056
CHEMBL148616,C[C@H](CS)C(=O)N1Cc2[nH]c3ccccc3c2CC1C(=O)O,active,318.3980000000001,2.0717,3,3,6.301029995663981
CHEMBL148140,O=C1N[C@@H](C(=O)O)Cc2ccccc2CCCCC[C@@H]1CS,intermediate,321.442,2.461,3,3,5.221848749616356
CHEMBL299169,O=C(O)CN1CCCC[C@H](NC(=O)[C@@H](S)Cc2ccccc2)C1=O,active,350.4400000000001,1.1093999999999993,3,4,7.657577319177793
CHEMBL422944,O=C(O)CN1C(=O)[C@@H](NC(=O)[C@H](S)Cc2ccccc2)CCc2ccccc21,active,398.48400000000015,2.0763,3,4,6.546681659952962
CHEMBL50480,C[C@H](S)C(=O)N[C@H]1CCc2ccccc2N(CC(=O)O)C1=O,active,322.3860000000001,0.8534999999999997,3,4,7.619788758288394
CHEMBL300016,C[C@H](NC(=O)[C@@H](S)Cc1ccccc1)C(=O)N(CC(=O)O)c1ccccc1,active,386.4730000000001,2.1500000000000004,3,4,7.853871964321762
CHEMBL50315,O=C(O)CN1C(=O)[C@H](NC(=O)[C@@H](S)Cc2ccccc2)CCc2ccccc21,active,398.48400000000015,2.0763,3,4,6.51427857351842
CHEMBL48534,CC(S)(Cc1ccccc1)C(=O)N[C@H]1CCc2ccccc2N(CC(=O)O)C1=O,active,412.51100000000014,2.4664,3,4,7.200659450546418
CHEMBL299875,CCCC[C@H](S)C(=O)N[C@H]1CCc2ccccc2N(CC(=O)O)C1=O,active,364.46700000000016,2.0237999999999996,3,4,8.267606240177031
CHEMBL51576,O=C(O)CN1Cc2ccccc2C[C@H](NC(=O)[C@@H](S)Cc2ccccc2)C1=O,active,398.4840000000001,1.6817999999999997,3,4,7.481486060122112
CHEMBL50814,O=C(O)CN1C(=O)C(NC(=O)[C@@H](S)Cc2ccccc2)CCCc2ccccc21,active,412.5110000000002,2.4664,3,4,7.6020599913279625
CHEMBL299438,O=C(O)CN1C(=O)[C@@H](NC(=O)[C@@H](S)CC2CCCCC2)CCc2ccccc21,active,404.5320000000003,2.8040000000000003,3,4,7.657577319177793
CHEMBL415932,CC(C)C[C@H](S)C(=O)N[C@H]1CCc2ccccc2N(CC(=O)O)C1=O,active,364.46700000000016,1.8797000000000001,3,4,8.200659450546418
CHEMBL317304,CCCCN1C[C@@H](C(=O)O)N(C(=O)[C@H](C)N[C@@H](CCc2ccccc2)C(=O)O)C1=O,active,419.4780000000002,1.5680000000000007,3,5,8.173925197299173
CHEMBL340119,CC(C)C[C@H](N)C(=O)N[C@@H](C)C(=O)N1CCC[C@@H]1C(=O)O,intermediate,299.371,-0.05989999999999879,3,4,5.638272163982407
CHEMBL100063,CCCCCCCC[C@H](N[C@@H](CC)C(=O)N1C(=O)N(C)C[C@H]1C(=O)O)C(=O)O,active,399.48800000000017,1.9056000000000002,3,5,8.619788758288394
CHEMBL29031,Cc1ccc(S(=O)(=O)N[C@@H](Cc2ccccc2)C(=O)NCC(=O)N2CCC[C@H]2C(=O)O)cc1,inactive,473.55100000000033,1.0764200000000006,3,5,4.173925197299174
CHEMBL54942,CC(NC(=O)C(Cc1ccccc1)CC(S)c1ccccc1)C(=O)O,intermediate,357.4750000000001,3.495800000000002,3,3,5.455931955649724
CHEMBL54823,CCC(C)C(CC(S)CCc1ccccc1)C(=O)NC(Cc1ccc(O)cc1)C(=O)O,intermediate,443.60900000000015,4.487700000000003,4,4,5.5376020021010435
